"school","university"
"ΑΓΡΟΝΟΜΩΝ & ΤΟΠΟΓΡΑΦΩΝ ΜΗΧΑΝΙΚΩΝ (ΑΘΗΝΑ)","ΕΜΠ"
"ΑΓΡΟΝΟΜΩΝ & ΤΟΠΟΓΡΑΦΩΝ ΜΗΧΑΝΙΚΩΝ (ΘΕΣΣΑΛΟΝΙΚΗ)","ΑΠΘ"
"ΑΓΡΟΤΙΚΗΣ ΑΝΑΠΤΥΞΗΣ (ΟΡΕΣΤΙΑΔΑ)","ΔΠΘ"
"ΑΓΡΟΤΙΚΗΣ ΟΙΚΟΝΟΜΙΑΣ & ΑΝΑΠΤΥΞΗΣ (ΑΘΗΝΑ)","ΓΕΩΠΟΝΙΚΟ ΠΑΝ."
"ΑΞΙΟΠΟΙΗΣΗΣ ΦΥΣΙΚΩΝ ΠΟΡΩΝ ΚΑΙ ΓΕΩΡΓΙΚΗΣ ΜΗΧΑΝΙΚΗΣ (ΑΘΗΝΑ)","ΓΕΩΠΟΝΙΚΟ ΠΑΝ."
"ΑΡΧΙΤΕΚΤΟΝΩΝ ΜΗΧΑΝΙΚΩΝ(ΑΘΗΝΑ)","ΕΜΠ"
"ΑΡΧΙΤΕΚΤΟΝΩΝ ΜΗΧΑΝΙΚΩΝ (ΒΟΛΟΣ)","ΠΑΝ.ΘΕΣΣΑΛΙΑΣ"
"ΑΡΧΙΤΕΚΤΟΝΩΝ ΜΗΧΑΝΙΚΩΝ (ΘΕΣΣΑΛΟΝΙΚΗ)","ΑΠΘ"
"ΑΡΧΙΤΕΚΤΟΝΩΝ ΜΗΧΑΝΙΚΩΝ (ΙΩΑΝΝΙΝΑ)","ΠΑΝ.ΙΩΑΝΝΙΝΩΝ"
"ΑΡΧΙΤΕΚΤΟΝΩΝ ΜΗΧΑΝΙΚΩΝ (ΞΑΝΘΗ)","ΔΠΘ"
"ΑΡΧΙΤΕΚΤΟΝΩΝ ΜΗΧΑΝΙΚΩΝ (ΠΑΤΡΑ)","ΠΑΝ. ΠΑΤΡΩΝ"
"ΑΡΧΙΤΕΚΤΟΝΩΝ ΜΗΧΑΝΙΚΩΝ (ΧΑΝΙΑ)","ΠΟΛ/ΧΝΕΙΟ ΚΡΗΤΗΣ"
"ΒΙΟΛΟΓΙΑΣ (ΑΘΗΝΑ)","ΕΚΠΑ"
"ΒΙΟΛΟΓΙΑΣ (ΗΡΑΚΛΕΙΟ)","ΠΑΝ.ΚΡΗΤΗΣ"
"ΒΙΟΛΟΓΙΑΣ (ΘΕΣΣΑΛΟΝΙΚΗ)","ΑΠΘ"
"ΒΙΟΛΟΓΙΑΣ (ΠΑΤΡΑ)","ΠΑΝ.ΠΑΤΡΩΝ"
"ΒΙΟΛΟΓΙΚΩΝ ΕΦΑΡΜΟΓΩΝ & ΤΕΧΝΟΛΟΓΙΩΝ (ΙΩΑΝΝΙΝΑ)","ΠΑΝ.ΙΩΑΝΝΙΝΩΝ"
"ΒΙΟΤΕΧΝΟΛΟΓΙΑΣ (ΑΘΗΝΑ)","ΓΕΩΠΟΝΙΚΟ ΠΑΝ."
"ΒΙΟΧΗΜΕΙΑΣ & ΒΙΟΤΕΧΝΟΛΟΓΙΑΣ (ΛΑΡΙΣΑ)","ΠΑΝ.ΘΕΣΣΑΛΙΑΣ"
"ΓΕΩΓΡΑΦΙΑΣ (ΑΘΗΝΑ)","ΧΑΡΟΚΟΠΕΙΟ"
"ΓΕΩΓΡΑΦΙΑΣ (ΜΥΤΙΛΗΝΗ)","ΠΑΝ.ΑΙΓΑΙΟΥ"
"ΓΕΩΛΟΓΙΑΣ & ΓΕΩΠΕΡΙΒΑΛΛΟΝΤΟΣ (ΑΘΗΝΑ)","ΕΚΠΑ"
"ΓΕΩΛΟΓΙΑΣ (ΘΕΣΣΑΛΟΝΙΚΗ)","ΑΠΘ"
"ΓΕΩΛΟΓΙΑΣ (ΠΑΤΡΑ)","ΠΑΝ.ΠΑΤΡΩΝ"
"ΓΕΩΠΟΝΙΑΣ (ΘΕΣΣΑΛΟΝΙΚΗ)","ΑΠΘ"
"ΓΕΩΠΟΝΙΑΣ, ΙΧΘΥΟΛΟΓΙΑΣ ΚΑΙ ΥΔΑΤΙΝΟΥ ΠΕΡΙΒΑΛΛΟΝΤΟΣ (ΒΟΛΟΣ)","ΠΑΝ.ΘΕΣΣΑΛΙΑΣ"
"ΓΕΩΠΟΝΙΑΣ, ΦΥΤΙΚΗΣ ΠΑΡΑΓΩΓΗΣ ΚΑΙ ΑΓΡΟΤΙΚΟΥ ΠΕΡΙΒΑΛΛΟΝΤΟΣ (ΒΟΛΟΣ)","ΠΑΝ.ΘΕΣΣΑΛΙΑΣ"
"ΔΑΣΟΛΟΓΙΑΣ & ΔΙΑΧΕΙΡΙΣΗΣ ΠΕΡΙΒΑΛΛΟΝΤΟΣ & ΦΥΣΙΚΩΝ ΠΟΡΩΝ (ΟΡΕΣΤΙΑΔΑ)","ΔΠΘ"
"ΔΑΣΟΛΟΓΙΑΣ & ΦΥΣΙΚΟΥ ΠΕΡΙΒΑΛΛΟΝΤΟΣ (ΘΕΣΣΑΛΟΝΙΚΗ)","ΑΠΘ"
"ΔΙΑΧΕΙΡΙΣΗΣ ΠΕΡΙΒΑΛΛΟΝΤΟΣ & ΦΥΣΙΚΩΝ ΠΟΡΩΝ (ΑΓΡΙΝΙΟ)","ΠΑΝ.ΠΑΤΡΩΝ"
"ΕΠΙΣΤΗΜΗΣ & ΤΕΧΝΟΛΟΓΙΑΣ ΥΛΙΚΩΝ (ΗΡΑΚΛΕΙΟ)","ΠΑΝ.ΚΡΗΤΗΣ"
"ΕΠΙΣΤΗΜΗΣ ΖΩΙΚΗΣ ΠΑΡΑΓΩΓΗΣ & ΥΔΑΤΟΚΑΛΛΙΕΡΓΕΙΩΝ (ΑΘΗΝΑ)","ΓΕΩΠΟΝΙΚΟ ΠΑΝ."
"ΕΠΙΣΤΗΜΗΣ ΤΡΟΦΙΜΩΝ ΚΑΙ ΔΙΑΤΡΟΦΗΣ ΤΟΥ ΑΝΘΡΩΠΟΥ (ΑΘΗΝΑ)","ΓΕΩΠΟΝΙΚΟ ΠΑΝ."
"ΕΠΙΣΤΗΜΗΣ ΤΩΝ ΥΛΙΚΩΝ (ΠΑΤΡΑ)","ΠΑΝ.ΠΑΤΡΩΝ"
"ΕΠΙΣΤΗΜΗΣ ΥΠΟΛΟΓΙΣΤΩΝ (ΗΡΑΚΛΕΙΟ)","ΠΑΝ.ΚΡΗΤΗΣ"
"ΕΠΙΣΤΗΜΗΣ ΦΥΣΙΚΗΣ ΑΓΩΓΗΣ ΚΑΙ ΑΘΛΗΤΙΣΜΟΥ (ΑΘΗΝΑ)","ΕΚΠΑ"
"ΕΠΙΣΤΗΜΗΣ ΦΥΣΙΚΗΣ ΑΓΩΓΗΣ ΚΑΙ ΑΘΛΗΤΙΣΜΟΥ (ΘΕΣΣΑΛΟΝΙΚΗ)","ΑΠΘ"
"ΕΠΙΣΤΗΜΗΣ ΦΥΣΙΚΗΣ ΑΓΩΓΗΣ ΚΑΙ ΑΘΛΗΤΙΣΜΟΥ (ΚΟΜΟΤΗΝΗ)","ΔΠΘ"
"ΕΠΙΣΤΗΜΗΣ ΦΥΣΙΚΗΣ ΑΓΩΓΗΣ ΚΑΙ ΑΘΛΗΤΙΣΜΟΥ (ΣΕΡΡΕΣ)","ΑΠΘ"
"ΕΠΙΣΤΗΜΗΣ ΦΥΣΙΚΗΣ ΑΓΩΓΗΣ ΚΑΙ ΑΘΛΗΤΙΣΜΟΥ (ΤΡΙΚΑΛΑ)","ΠΑΝ.ΘΕΣΣΑΛΙΑΣ"
"ΕΠΙΣΤΗΜΗΣ ΦΥΤΙΚΗΣ ΠΑΡΑΓΩΓΗΣ (ΑΘΗΝΑ)","ΓΕΩΠΟΝΙΚΟ ΠΑΝ."
"ΕΠΙΣΤΗΜΩΝ ΤΗΣ ΘΑΛΑΣΣΑΣ (ΜΥΤΙΛΗΝΗ)","ΠΑΝ.ΑΙΓΑΙΟΥ"
"ΕΦΑΡΜΟΣΜΕΝΩΝ ΜΑΘΗΜΑΤΙΚΩΝ & ΦΥΣΙΚΩΝ ΕΠΙΣΤΗΜΩΝ (ΑΘΗΝΑ)","ΕΜΠ"
"ΗΛΕΚΤΡΟΛΟΓΩΝ ΜΗΧΑΝΙΚΩΝ & ΜΗΧΑΝΙΚΩΝ ΥΠΟΛΟΓΙΣΤΩΝ (ΑΘΗΝΑ)","ΕΜΠ"
"ΗΛΕΚΤΡΟΛΟΓΩΝ ΜΗΧΑΝΙΚΩΝ & ΜΗΧΑΝΙΚΩΝ ΥΠΟΛΟΓΙΣΤΩΝ (ΘΕΣΣΑΛΟΝΙΚΗ)","ΑΠΘ"
"ΗΛΕΚΤΡΟΛΟΓΩΝ ΜΗΧΑΝΙΚΩΝ & ΜΗΧΑΝΙΚΩΝ ΥΠΟΛΟΓΙΣΤΩΝ (ΒΟΛΟΣ)","ΠΑΝ.ΘΕΣΣΑΛΙΑΣ"
"ΗΛΕΚΤΡΟΛΟΓΩΝ ΜΗΧΑΝΙΚΩΝ & ΜΗΧΑΝΙΚΩΝ ΥΠΟΛΟΓΙΣΤΩΝ (ΞΑΝΘΗ)","ΔΠΘ"
"ΗΛΕΚΤΡΟΛΟΓΩΝ ΜΗΧΑΝΙΚΩΝ & ΤΕΧΝΟΛΟΓΙΑΣ ΥΠΟΛΟΓΙΣΤΩΝ (ΠΑΤΡΑ)","ΠΑΝ.ΠΑΤΡΩΝ"
"ΗΛΕΚΤΡΟΝΙΚΩΝ ΜΗΧΑΝΙΚΩΝ & ΜΗΧΑΝΙΚΩΝ ΥΠΟΛΟΓΙΣΤΩΝ   (ΧΑΝΙΑ)","ΠΟΛ/ΧΝΕΙΟ ΚΡΗΤΗΣ"
"ΚΙΝΗΜΑΤΟΓΡΑΦΟΥ (ΘΕΣΣΑΛΟΝΙΚΗ)","ΑΠΘ"
"ΜΑΘΗΜΑΤΙΚΩΝ (ΑΘΗΝΑ)","ΕΚΠΑ"
"ΜΑΘΗΜΑΤΙΚΩΝ (ΘΕΣΣΑΛΟΝΙΚΗ)","ΑΠΘ"
"ΜΑΘΗΜΑΤΙΚΩΝ (ΙΩΑΝΝΙΝΑ)","ΠΑΝ.ΙΩΑΝΝΙΝΩΝ"
"ΜΑΘΗΜΑΤΙΚΩΝ (ΠΑΤΡΑ)","ΠΑΝ.ΠΑΤΡΩΝ"
"ΜΑΘΗΜΑΤΙΚΩΝ (ΣΑΜΟΣ) - ΜΑΘΗΜΑΤΙΚΩΝ","ΠΑΝ.ΑΙΓΑΙΟΥ"
"ΜΑΘΗΜΑΤΙΚΩΝ (ΣΑΜΟΣ) - ΣΤΑΤΙΣΤΙΚΗΣ ΚΑΙ ΑΝΑΛΟΓΙΣΤΙΚΩΝ-ΧΡΗΜΑΤΟΟΙΚΟΝΟΜΙΚΩΝ ΜΑΘΗΜΑΤΙΚΩΝ","ΠΑΝ.ΑΙΓΑΙΟΥ"
"ΜΑΘΗΜΑΤΙΚΩΝ KAI ΕΦΑΡΜΟΣΜΕΝΩΝ ΜΑΘΗΜΑΤΙΚΩΝ (ΗΡΑΚΛΕΙΟ) - ΕΦΑΡΜΟΣΜΕΝΩΝ ΜΑΘΗΜΑΤΙΚΩΝ","ΠΑΝ.ΚΡΗΤΗΣ"
"ΜΑΘΗΜΑΤΙΚΩΝ KAI ΕΦΑΡΜΟΣΜΕΝΩΝ ΜΑΘΗΜΑΤΙΚΩΝ (ΗΡΑΚΛΕΙΟ) - ΜΑΘΗΜΑΤΙΚΩΝ","ΠΑΝ.ΚΡΗΤΗΣ"
"ΜΕΘΟΔΟΛΟΓΙΑΣ, ΙΣΤΟΡΙΑΣ & ΘΕΩΡΙΑΣ ΤΗΣ ΕΠΙΣΤΗΜΗΣ (ΑΘΗΝΑ)","ΕΚΠΑ"
"ΜΗΧΑΝΙΚΩΝ ΕΠΙΣΤΗΜΗΣ ΥΛΙΚΩΝ (ΙΩΑΝΝΙΝΑ)","ΠΑΝ.ΙΩΑΝΝΙΝΩΝ"
"ΜΗΧΑΝΙΚΩΝ ΗΛΕΚΤΡΟΝΙΚΩΝ ΥΠΟΛΟΓΙΣΤΩΝ ΚΑΙ ΠΛΗΡΟΦΟΡΙΚΗΣ (ΙΩΑΝΝΙΝΑ)","ΠΑΝ.ΙΩΑΝΝΙΝΩΝ"
"ΜΗΧΑΝΙΚΩΝ ΗΛΕΚΤΡΟΝΙΚΩΝ ΥΠΟΛΟΓΙΣΤΩΝ ΚΑΙ ΠΛΗΡΟΦΟΡΙΚΗΣ (ΠΑΤΡΑ)","ΠΑΝ.ΠΑΤΡΩΝ"
"ΜΗΧΑΝΙΚΩΝ ΜΕΤΑΛΛΕΙΩΝ ΜΕΤΑΛΛΟΥΡΓΩΝ (ΑΘΗΝΑ)","ΕΜΠ"
"ΜΗΧΑΝΙΚΩΝ ΟΙΚΟΝΟΜΙΑΣ ΚΑΙ ΔΙΟΙΚΗΣΗΣ (ΧΙΟΣ)","ΠΑΝ.ΑΙΓΑΙΟΥ"
"ΜΗΧΑΝΙΚΩΝ ΟΡΥΚΤΩΝ ΠΟΡΩΝ   (ΧΑΝΙΑ)","ΠΟΛ/ΧΝΕΙΟ ΚΡΗΤΗΣ"
"ΜΗΧΑΝΙΚΩΝ ΠΑΡΑΓΩΓΗΣ & ΔΙΟΙΚΗΣΗΣ     (ΧΑΝΙΑ)","ΠΟΛ/ΧΝΕΙΟ ΚΡΗΤΗΣ"
"ΜΗΧΑΝΙΚΩΝ ΠΑΡΑΓΩΓΗΣ & ΔΙΟΙΚΗΣΗΣ (ΞΑΝΘΗ)","ΔΠΘ"
"ΜΗΧΑΝΙΚΩΝ ΠΕΡΙΒΑΛΛΟΝΤΟΣ (ΚΟΖΑΝΗ)","ΠΑΝ. ΔΥΤ.ΜΑΚ"
"ΜΗΧΑΝΙΚΩΝ ΠΕΡΙΒΑΛΛΟΝΤΟΣ (ΞΑΝΘΗ)","ΔΠΘ"
"ΜΗΧΑΝΙΚΩΝ ΠΕΡΙΒΑΛΛΟΝΤΟΣ (ΧΑΝΙΑ)","ΠΟΛ/ΧΝΕΙΟ ΚΡΗΤΗΣ"
"ΜΗΧΑΝΙΚΩΝ ΠΛΗΡΟΦΟΡΙΑΚΩΝ & ΕΠΙΚΟΙΝΩΝΙΑΚΩΝ ΣΥΣΤΗΜΑΤΩΝ (ΣΑΜΟΣ)","ΠΑΝ.ΑΙΓΑΙΟΥ"
"ΜΗΧΑΝΙΚΩΝ ΠΛΗΡΟΦΟΡΙΚΗΣ & ΤΗΛΕΠΙΚΟΙΝΩΝΙΩΝ (ΚΟΖΑΝΗ)","ΠΑΝ. ΔΥΤ.ΜΑΚ."
"ΜΗΧΑΝΙΚΩΝ ΣΧΕΔΙΑΣΗΣ ΠΡΟΪΟΝΤΩΝ ΚΑΙ ΣΥΣΤΗΜΑΤΩΝ (ΣΥΡΟΣ)","ΠΑΝ.ΑΙΓΑΙΟΥ"
"ΜΗΧΑΝΙΚΩΝ ΧΩΡΟΤΑΞΙΑΣ & ΑΝΑΠΤΥΞΗΣ (ΘΕΣΣΑΛΟΝΙΚΗ)","ΑΠΘ"
"ΜΗΧΑΝΙΚΩΝ ΧΩΡΟΤΑΞΙΑΣ, ΠΟΛΕΟΔΟΜΙΑΣ ΚΑΙ ΠΕΡΙΦΕΡΕΙΑΚΗΣ ΑΝΑΠΤΥΞΗΣ (ΒΟΛΟΣ)","ΠΑΝ.ΘΕΣΣΑΛΙΑΣ"
"ΜΗΧΑΝΟΛΟΓΩΝ & ΑΕΡΟΝΑΥΠΗΓΩΝ ΜΗΧΑΝΙΚΩΝ (ΠΑΤΡΑ)","ΠΑΝ.ΠΑΤΡΩΝ"
"ΜΗΧΑΝΟΛΟΓΩΝ ΜΗΧΑΝΙΚΩΝ (ΑΘΗΝΑ)","ΕΜΠ"
"ΜΗΧΑΝΟΛΟΓΩΝ ΜΗΧΑΝΙΚΩΝ (ΒΟΛΟΣ)","ΠΑΝ.ΘΕΣΣΑΛΙΑΣ"
"ΜΗΧΑΝΟΛΟΓΩΝ ΜΗΧΑΝΙΚΩΝ (ΘΕΣΣΑΛΟΝΙΚΗ)","ΑΠΘ"
"ΜΗΧΑΝΟΛΟΓΩΝ ΜΗΧΑΝΙΚΩΝ (ΚΟΖΑΝΗ)","ΠΑΝ. ΔΥΤ.ΜΑΚ."
"ΜΟΥΣΙΚΗΣ ΕΠΙΣΤΗΜΗΣ & ΤΕΧΝΗΣ (ΘΕΣΣΑΛΟΝΙΚΗ)","ΠΑΝ.ΜΑΚΕΔ."
"ΜΟΥΣΙΚΩΝ ΣΠΟΥΔΩΝ (ΑΘΗΝΑ)","ΕΚΠΑ"
"ΜΟΥΣΙΚΩΝ ΣΠΟΥΔΩΝ (ΘΕΣΣΑΛΟΝΙΚΗ)","ΑΠΘ"
"ΜΟΥΣΙΚΩΝ ΣΠΟΥΔΩΝ (ΚΕΡΚΥΡΑ)","ΙΟΝΙΟ ΠΑΝ/ΜΙΟ"
"ΝΑΥΠΗΓΩΝ ΜΗΧΑΝΟΛΟΓΩΝ ΜΗΧΑΝΙΚΩΝ (ΑΘΗΝΑ)","ΕΜΠ"
"ΠΕΡΙΒΑΛΛΟΝΤΟΣ (ΜΥΤΙΛΗΝΗ)","ΠΑΝ.ΑΙΓΑΙΟΥ"
"ΠΛΑΣΤΙΚΩΝ ΤΕΧΝΩΝ & ΕΠΙΣΤΗΜΩΝ ΤΗΣ ΤΕΧΝΗΣ (ΙΩΑΝΝΙΝΑ)","ΠΑΝ.ΙΩΑΝΝΙΝΩΝ"
"ΠΛΗΡΟΦΟΡΙΚΗΣ ΚΑΙ ΤΗΛΕΠΙΚΟΙΝΩΝΙΩΝ (ΑΘΗΝΑ)","ΕΚΠΑ"
"ΠΛΗΡΟΦΟΡΙΚΗΣ ΚΑΙ ΤΗΛΕΠΙΚΟΙΝΩΝΙΩΝ (ΤΡΙΠΟΛΗ)","ΠΑΝ.ΠΕΛ/ΝΗΣΟΥ"
"ΠΛΗΡΟΦΟΡΙΚΗΣ ΜΕ ΕΦΑΡΜΟΓΕΣ ΣΤΗ ΒΙΟΙΑΤΡΙΚΗ (ΛΑΜΙΑ)","ΠΑΝ.ΘΕΣΣΑΛΙΑΣ"
"ΠΟΛΙΤΙΚΩΝ ΜΗΧΑΝΙΚΩΝ (ΑΘΗΝΑ)","ΕΜΠ"
"ΠΟΛΙΤΙΚΩΝ ΜΗΧΑΝΙΚΩΝ (ΒΟΛΟΣ)","ΠΑΝ.ΘΕΣΣΑΛΙΑΣ"
"ΠΟΛΙΤΙΚΩΝ ΜΗΧΑΝΙΚΩΝ (ΘΕΣΣΑΛΟΝΙΚΗ)","ΑΠΘ"
"ΠΟΛΙΤΙΚΩΝ ΜΗΧΑΝΙΚΩΝ (ΞΑΝΘΗ)","ΔΠΘ"
"ΠΟΛΙΤΙΚΩΝ ΜΗΧΑΝΙΚΩΝ (ΠΑΤΡΑ)","ΠΑΝ.ΠΑΤΡΩΝ"
"ΤΕΧΝΩΝ ΗΧΟΥ & ΕΙΚΟΝΑΣ (ΚΕΡΚΥΡΑ)","ΙΟΝΙΟ ΠΑΝ/ΜΙΟ"
"ΦΥΣΙΚΗΣ (ΑΘΗΝΑ)","ΕΚΠΑ"
"ΦΥΣΙΚΗΣ (ΗΡΑΚΛΕΙΟ)","ΠΑΝ.ΚΡΗΤΗΣ"
"ΦΥΣΙΚΗΣ (ΘΕΣΣΑΛΟΝΙΚΗ)","ΑΠΘ"
"ΦΥΣΙΚΗΣ (ΙΩΑΝΝΙΝΑ)","ΠΑΝ.ΙΩΑΝΝΙΝΩΝ"
"ΦΥΣΙΚΗΣ (ΠΑΤΡΑ)","ΠΑΝ.ΠΑΤΡΩΝ"
"ΧΗΜΕΙΑΣ (ΑΘΗΝΑ)","ΕΚΠΑ"
"ΧΗΜΕΙΑΣ (ΗΡΑΚΛΕΙΟ)","ΠΑΝ.ΚΡΗΤΗΣ"
"ΧΗΜΕΙΑΣ (ΘΕΣΣΑΛΟΝΙΚΗ)","ΑΠΘ"
"ΧΗΜΕΙΑΣ (ΙΩΑΝΝΙΝΑ)","ΠΑΝ.ΙΩΑΝΝΙΝΩΝ"
"ΧΗΜΕΙΑΣ (ΠΑΤΡΑ)","ΠΑΝ.ΠΑΤΡΩΝ"
"ΧΗΜΙΚΩΝ ΜΗΧΑΝΙΚΩΝ (ΑΘΗΝΑ)","ΕΜΠ"
"ΧΗΜΙΚΩΝ ΜΗΧΑΝΙΚΩΝ (ΘΕΣΣΑΛΟΝΙΚΗ)","ΑΠΘ"
"ΧΗΜΙΚΩΝ ΜΗΧΑΝΙΚΩΝ (ΠΑΤΡΑ)","ΠΑΝ.ΠΑΤΡΩΝ"
,
"ΣΤΡΑΤΙΩΤΙΚΕΣ ΣΧΟΛΕΣ"," "
"ΕΥΕΛΠΙΔΩΝ (ΣΣΕ) – ΟΠΛΑ                    ","ΣΤΡΑΤ.ΣΧΟΛΕΣ"
"ΕΥΕΛΠΙΔΩΝ (ΣΣΕ) – ΣΩΜΑΤΑ                      ","ΣΤΡΑΤ.ΣΧΟΛΕΣ"
"ΙΚΑΡΩΝ (ΣΙ) ΕΛΕΓΚΤΕΣ ΑΕΡΑΜΥΝΑΣ          ","ΣΤΡΑΤ.ΣΧΟΛΕΣ"
"ΙΚΑΡΩΝ (ΣΙ) ΙΠΤΑΜΕΝΟΙ                            ","ΣΤΡΑΤ.ΣΧΟΛΕΣ"
"ΙΚΑΡΩΝ (ΣΙ) ΜΗΧΑΝΙΚΟΙ (ΣΜΑ)                        ","ΣΤΡΑΤ.ΣΧΟΛΕΣ"
"ΙΠΤΑΜΕΝΩΝ ΡΑΔΙΟΝΑΥΤΙΛΩΝ (ΣΙΡ)                        ","ΣΤΡΑΤ.ΣΧΟΛΕΣ"
"ΜΟΝΙΜΩΝ ΥΠΑΞΙΩΜΑΤΙΚΩΝ ΝΑΥΤΙΚΟΥ (Σ.Μ.Υ.Ν.)        ","ΣΤΡΑΤ.ΣΧΟΛΕΣ"
"ΜΟΝΙΜΩΝ ΥΠΑΞΙΩΜΑΤΙΚΩΝ ΣΤΡΑΤΟΥ (Σ.Μ.Υ.) – ΟΠΛΑ  ","ΣΤΡΑΤ.ΣΧΟΛΕΣ"
"ΜΟΝΙΜΩΝ ΥΠΑΞΙΩΜΑΤΙΚΩΝ ΣΤΡΑΤΟΥ (Σ.Μ.Υ.) – ΣΩΜΑΤΑ","ΣΤΡΑΤ.ΣΧΟΛΕΣ"
"ΝΑΥΤΙΚΩΝ ΔΟΚΙΜΩΝ (ΣΝΔ) ΜΑΧΙΜΟΙ            ","ΣΤΡΑΤ.ΣΧΟΛΕΣ"
"ΝΑΥΤΙΚΩΝ ΔΟΚΙΜΩΝ (ΣΝΔ) ΜΗΧΑΝΙΚΟΙ      ","ΣΤΡΑΤ.ΣΧΟΛΕΣ"
"ΤΕΧΝΙΚΩΝ ΥΠΑΞΙΩΜΑΤΙΚΩΝ ΑΕΡΟΠΟΡΙΑΣ (Σ.Τ.Υ.Α.)    ","ΣΤΡΑΤ.ΣΧΟΛΕΣ"
"ΥΠΑΞΙΩΜΑΤΙΚΩΝ ΔΙΟΙΚ. ΑΕΡΟΠΟΡΙΑΣ (ΣΥΔ)      ","ΣΤΡΑΤ.ΣΧΟΛΕΣ"
,
"ΑΚΑΔΗΜΙΕΣ ΕΜΠΟΡΙΚΟΥ ΝΑΥΤΙΚΟΥ","  "
"ΣΧΟΛΗ ΜΗΧΑΝΙΚΩΝ      ","Α.Ε.Ν."
"ΣΧΟΛΗ ΠΛΟΙΑΡΧΩΝ      ","Α.Ε.Ν."
,
"ΑΝΩΤΑΤΕΣ ΕΚΚΛΗΣΙΑΣΤΙΚΕΣ ΑΚΑΔΗΜΙΕΣ","  "
"ΠΡΟΓΡΑΜΜΑ ΔΙΑΧΕΙΡΙΣΗΣ ΕΚΚΛΗΣΙΑΣΤΙΚΩΝ ΚΕΙΜΗΛΙΩΝ ΑΘΗΝΑΣ","ΑΕΑ ΑΘΗΝΑΣ"
"ΠΡΟΓΡΑΜΜΑ ΔΙΑΧΕΙΡΙΣΗΣ ΕΚΚΛΗΣΙΑΣΤΙΚΩΝ ΚΕΙΜΗΛΙΩΝ ΘΕΣ/ΝΙΚΗΣ","ΑΕΑ ΘΕΣ/ΝΙΚΗΣ"
,
"ΑΣΤΥΝΟΜΙΚΕΣ ΣΧΟΛΕΣ"," "
"ΑΞΙΩΜΑΤΙΚΩΝ ΕΛΛΗΝΙΚΗΣ ΑΣΤΥΝΟΜΙΑΣ                ","ΑΣΤ.ΣΧΟΛΕΣ"
"ΑΣΤΥΦΥΛΑΚΩΝ                                                                       ","ΑΣΤ.ΣΧΟΛΕΣ"
,
"ΣΧΟΛΕΣ ΠΥΡΟΣΒΕΣΤΙΚΗΣ ΑΚΑΔΗΜΙΑΣ","  "
"ΣΧΟΛΗ ΑΝΘΥΠΟΠΥΡΑΓΩΝ          ","Σ.Π.Α."
"ΣΧΟΛΗ ΠΥΡΟΣΒΕΣΤΩΝ          ","Σ.Π.Α."
,
"ΤΕΙ","  "
"ΓΡΑΦΙΣΤΙΚΗΣ (ΑΘΗΝΑ) - ΓΡΑΦΙΣΤΙΚΗΣ","ΤΕΙ ΑΘΗΝΑΣ"
"ΓΡΑΦΙΣΤΙΚΗΣ (ΑΘΗΝΑ) - ΤΕΧΝΟΛΟΓΙΑΣ ΓΡΑΦΙΚΩΝ ΤΕΧΝΩΝ","ΤΕΙ ΑΘΗΝΑΣ"
"ΔΑΣΟΠΟΝΙΑΣ & ΔΙΑΧΕΙΡΙΣΗΣ ΦΥΣΙΚΟΥ ΠΕΡΙΒΑΛΛΟΝΤΟΣ (ΔΡΑΜΑ)","ΤΕΙ ΑΝ.ΜΑΚ.ΘΡΑΚΗΣ"
"ΔΑΣΟΠΟΝΙΑΣ & ΔΙΑΧΕΙΡΙΣΗΣ ΦΥΣΙΚΟΥ ΠΕΡΙΒΑΛΛΟΝΤΟΣ (ΚΑΡΠΕΝΗΣΙ)","ΤΕΙ ΣΤ.ΕΛΛΑΔΑΣ"
"ΕΣΩΤΕΡΙΚΗΣ ΑΡΧΙΤΕΚΤΟΝΙΚΗΣ, ΔΙΑΚΟΣΜΗΣΗΣ ΚΑΙ ΣΧΕΔΙΑΣΜΟΥ ΑΝΤΙΚΕΙΜΕΝΩΝ (ΑΘΗΝΑ)","ΤΕΙ ΑΘΗΝΑΣ"
"ΗΛΕΚΤΡΟΛΟΓΩΝ ΜΗΧΑΝΙΚΩΝ ΤΕ (ΗΡΑΚΛΕΙΟ)","ΤΕΙ ΚΡΗΤΗΣ"
"ΗΛΕΚΤΡΟΛΟΓΩΝ ΜΗΧΑΝΙΚΩΝ ΤΕ (ΚΑΒΑΛΑ)","ΤΕΙ ΑΝ.ΜΑΚ.ΘΡΑΚΗΣ"
"ΗΛΕΚΤΡΟΛΟΓΩΝ ΜΗΧΑΝΙΚΩΝ ΤΕ (ΚΟΖΑΝΗ)","ΤΕΙ ΔΥΤ.ΜΑΚ."
"ΗΛΕΚΤΡΟΛΟΓΩΝ ΜΗΧΑΝΙΚΩΝ ΤΕ (ΛΑΡΙΣΑ)","ΤΕΙ ΘΕΣΣΑΛΙΑΣ"
"ΗΛΕΚΤΡΟΛΟΓΩΝ ΜΗΧΑΝΙΚΩΝ ΤΕ (ΠΑΤΡΑ)","ΤΕΙ ΔΥΤ.ΕΛΛΑΔΑΣ"
"ΗΛΕΚΤΡΟΛΟΓΩΝ ΜΗΧΑΝΙΚΩΝ ΤΕ (ΠΕΙΡΑΙΑΣ)","ΤΕΙ ΠΕΙΡΑΙΑ"
"ΗΛΕΚΤΡΟΛΟΓΩΝ ΜΗΧΑΝΙΚΩΝ ΤΕ (ΧΑΛΚΙΔΑ)","ΤΕΙ ΣΤ.ΕΛΛΑΔΑΣ"
"ΗΛΕΚΤΡΟΝΙΚΩΝ ΜΗΧΑΝΙΚΩΝ ΤΕ (ΑΘΗΝΑ)","ΤΕΙ ΑΘΗΝΑΣ"
"ΗΛΕΚΤΡΟΝΙΚΩΝ ΜΗΧΑΝΙΚΩΝ ΤΕ (ΘΕΣΣΑΛΟΝΙΚΗ)","ΤΕΙ ΘΕΣ/ΝΙΚΗΣ"
"ΗΛΕΚΤΡΟΝΙΚΩΝ ΜΗΧΑΝΙΚΩΝ ΤΕ (ΛΑΜΙΑ)","ΤΕΙ ΣΤ.ΕΛΛΑΔΑΣ"
"ΗΛΕΚΤΡΟΝΙΚΩΝ ΜΗΧΑΝΙΚΩΝ ΤΕ (ΠΕΙΡΑΙΑΣ)","ΤΕΙ ΠΕΙΡΑΙΑ"
"ΗΛΕΚΤΡΟΝΙΚΩΝ ΜΗΧΑΝΙΚΩΝ ΤΕ (ΧΑΝΙΑ)","ΤΕΙ ΚΡΗΤΗΣ"
"ΚΛΩΣΤΟΫΦΑΝΤΟΥΡΓΩΝ ΜΗΧΑΝΙΚΩΝ ΤΕ (ΠΕΙΡΑΙΑΣ)","ΤΕΙ ΠΕΙΡΑΙΑ"
"ΛΑΙΚΗΣ & ΠΑΡΑΔΟΣΙΑΚΗΣ ΜΟΥΣΙΚΗΣ (ΑΡΤΑ)","ΤΕΙ ΗΠΕΙΡΟΥ"
"ΜΗΧΑΝΙΚΩΝ ΑΥΤΟΜΑΤΙΣΜΟΥ ΤΕ (ΘΕΣΣΑΛΟΝΙΚΗ)","ΤΕΙ ΘΕΣ/ΝΙΚΗΣ"
"ΜΗΧΑΝΙΚΩΝ ΑΥΤΟΜΑΤΙΣΜΟΥ ΤΕ (ΠΕΙΡΑΙΑΣ)","ΤΕΙ ΠΕΙΡΑΙΑ"
"ΜΗΧΑΝΙΚΩΝ ΑΥΤΟΜΑΤΙΣΜΟΥ ΤΕ (ΧΑΛΚΙΔΑ)","ΤΕΙ ΣΤ.ΕΛΛΑΔΑΣ"
"ΜΗΧΑΝΙΚΩΝ ΒΙΟΙΑΤΡΙΚΗΣ ΤΕΧΝΟΛΟΓΙΑΣ ΤΕ (ΑΘΗΝΑ)","ΤΕΙ ΑΘΗΝΑΣ"
"ΜΗΧΑΝΙΚΩΝ ΕΝΕΡΓΕΙΑΚΗΣ ΤΕΧΝΟΛΟΓΙΑΣ ΤΕ (ΑΘΗΝΑ)","ΤΕΙ ΑΘΗΝΑΣ"
"ΜΗΧΑΝΙΚΩΝ ΗΛΕΚΤΡΟΝΙΚΩΝ ΥΠΟΛΟΓΙΣΤΙΚΩΝ ΣΥΣΤΗΜΑΤΩΝ ΤΕ (ΠΕΙΡΑΙΑΣ)","ΤΕΙ ΠΕΙΡΑΙΑ"
"ΜΗΧΑΝΙΚΩΝ ΜΟΥΣΙΚΗΣ ΤΕΧΝΟΛΟΓΙΑΣ ΚΑΙ ΑΚΟΥΣΤΙΚΗΣ ΤΕ (ΡΕΘΥΜΝΟ)","ΤΕΙ ΚΡΗΤΗΣ"
"ΜΗΧΑΝΙΚΩΝ ΠΕΡΙΒΑΛΛΟΝΤΟΣ ΚΑΙ ΜΗΧΑΝΙΚΩΝ ΑΝΤΙΡΡΥΠΑΝΣΗΣ ΤΕ (ΚΟΖΑΝΗ) - ΜΗΧΑΝΙΚΩΝ ΑΝΤΙΡΡΥΠΑΝΣΗΣ ΤΕ","ΤΕΙ ΔΥΤ.ΜΑΚ."
"ΜΗΧΑΝΙΚΩΝ ΠΕΡΙΒΑΛΛΟΝΤΟΣ ΚΑΙ ΜΗΧΑΝΙΚΩΝ ΑΝΤΙΡΡΥΠΑΝΣΗΣ ΤΕ (ΚΟΖΑΝΗ) - ΜΗΧΑΝΙΚΩΝ ΓΕΩΤΕΧΝΟΛΟΓΙΑΣ ΠΕΡΙΒΑΛΛΟΝΤΟΣ ΤΕ","ΤΕΙ ΔΥΤ.ΜΑΚ."
"ΜΗΧΑΝΙΚΩΝ ΠΛΗΡΟΦΟΡΙΚΗΣ ΤΕ (ΑΘΗΝΑ)","ΤΕΙ ΑΘΗΝΑΣ"
"ΜΗΧΑΝΙΚΩΝ ΠΛΗΡΟΦΟΡΙΚΗΣ ΤΕ (ΑΡΤΑ)","ΤΕΙ ΗΠΕΙΡΟΥ"
"ΜΗΧΑΝΙΚΩΝ ΠΛΗΡΟΦΟΡΙΚΗΣ ΤΕ (ΗΡΑΚΛΕΙΟ)","ΤΕΙ ΚΡΗΤΗΣ"
"ΜΗΧΑΝΙΚΩΝ ΠΛΗΡΟΦΟΡΙΚΗΣ ΤΕ (ΘΕΣΣΑΛΟΝΙΚΗ)","ΤΕΙ ΘΕΣ/ΝΙΚΗΣ"
"ΜΗΧΑΝΙΚΩΝ ΠΛΗΡΟΦΟΡΙΚΗΣ ΤΕ (ΚΑΒΑΛΑ)","ΤΕΙ ΑΝ.ΜΑΚ.ΘΡΑΚΗΣ"
"ΜΗΧΑΝΙΚΩΝ ΠΛΗΡΟΦΟΡΙΚΗΣ ΤΕ (ΚΑΣΤΟΡΙΑ)","ΤΕΙ ΔΥΤ.ΜΑΚ."
"ΜΗΧΑΝΙΚΩΝ ΠΛΗΡΟΦΟΡΙΚΗΣ ΤΕ (ΛΑΜΙΑ)","ΤΕΙ ΣΤ. ΕΛΛΑΔΑΣ"
"ΜΗΧΑΝΙΚΩΝ ΠΛΗΡΟΦΟΡΙΚΗΣ ΤΕ (ΛΑΡΙΣΑ)","ΤΕΙ ΘΕΣΣΑΛΙΑΣ"
"ΜΗΧΑΝΙΚΩΝ ΠΛΗΡΟΦΟΡΙΚΗΣ ΤΕ (ΝΑΥΠΑΚΤΟΣ)","ΤΕΙ ΔΥΤ.ΕΛΛΑΔΑΣ"
"ΜΗΧΑΝΙΚΩΝ ΠΛΗΡΟΦΟΡΙΚΗΣ ΤΕ (ΣΕΡΡΕΣ)","ΤΕΙ ΚΕΝΤΡ.ΜΑΚΕΔ"
"ΜΗΧΑΝΙΚΩΝ ΠΛΗΡΟΦΟΡΙΚΗΣ ΤΕ (ΣΠΑΡΤΗ)","ΤΕΙ ΠΕΛ/ΝΗΣΟΥ"
"ΜΗΧΑΝΙΚΩΝ ΤΕΧΝΟΛΟΓΙΑΣ ΑΕΡΟΣΚΑΦΩΝ ΤΕ (ΧΑΛΚΙΔΑ)","ΤΕΙ ΣΤ.ΕΛΛΑΔΑΣ"
"ΜΗΧΑΝΙΚΩΝ ΤΕΧΝΟΛΟΓΙΑΣ ΠΕΤΡΕΛΑΙΟΥ & ΦΥΣΙΚΟΥ ΑΕΡΙΟΥ ΤΕ ΚΑΙ ΜΗΧΑΝΟΛΟΓΩΝ ΜΗΧΑΝΙΚΩΝ ΤΕ         (ΚΑΒΑΛΑ) - ΜΗΧΑΝΟΛΟΓΩΝ ΜΗΧΑΝΙΚΩΝ ΤΕ","ΤΕΙ ΑΝ.ΜΑΚ.ΘΡΑΚΗΣ"
"ΜΗΧΑΝΙΚΩΝ ΤΕΧΝΟΛΟΓΙΑΣ ΠΕΤΡΕΛΑΙΟΥ & ΦΥΣΙΚΟΥ ΑΕΡΙΟΥ ΤΕ ΚΑΙ ΜΗΧΑΝΟΛΟΓΩΝ ΜΗΧΑΝΙΚΩΝ ΤΕ (ΚΑΒΑΛΑ) - ΜΗΧΑΝΙΚΩΝ ΤΕΧΝΟΛΟΓΙΑΣ ΠΕΤΡΕΛΑΙΟΥ ΚΑΙ ΦΥΣΙΚΟΥ ΑΕΡΙΟΥ ΤΕ","ΤΕΙ ΑΝ.ΜΑΚ.ΘΡΑΚΗΣ"
"ΜΗΧΑΝΙΚΩΝ ΦΥΣΙΚΩΝ ΠΟΡΩΝ & ΠΕΡΙΒΑΛΛΟΝΤΟΣ ΤΕ (ΧΑΝΙΑ)","ΤΕΙ ΚΡΗΤΗΣ"
"ΜΗΧΑΝΟΛΟΓΩΝ ΜΗΧΑΝΙΚΩΝ ΚΑΙ ΒΙΟΜΗΧΑΝΙΚΟΥ ΣΧΕΔΙΑΣΜΟΥ ΤΕ (ΚΟΖΑΝΗ) -ΒΙΟΜΗΧΑΝΙΚΟΥ ΣΧΕΔΙΑΣΜΟΥ ΤΕ","ΤΕΙ ΔΥΤ.ΜΑΚ."
"ΜΗΧΑΝΟΛΟΓΩΝ ΜΗΧΑΝΙΚΩΝ ΚΑΙ ΒΙΟΜΗΧΑΝΙΚΟΥ ΣΧΕΔΙΑΣΜΟΥ ΤΕ (ΚΟΖΑΝΗ) -ΜΗΧΑΝΟΛΟΓΩΝ ΜΗΧΑΝΙΚΩΝ ΤΕ","ΤΕΙ ΔΥΤ.ΜΑΚ."
"ΜΗΧΑΝΟΛΟΓΩΝ ΜΗΧΑΝΙΚΩΝ ΤΕ (ΗΡΑΚΛΕΙΟ)","ΤΕΙ ΚΡΗΤΗΣ"
"ΜΗΧΑΝΟΛΟΓΩΝ ΜΗΧΑΝΙΚΩΝ ΤΕ (ΛΑΡΙΣΑ)","ΤΕΙ ΘΕΣΣΑΛΙΑΣ"
"ΜΗΧΑΝΟΛΟΓΩΝ ΜΗΧΑΝΙΚΩΝ ΤΕ (ΠΑΤΡΑ)","ΤΕΙ ΔΥΤ.ΕΛΛΑΔΑΣ"
"ΜΗΧΑΝΟΛΟΓΩΝ ΜΗΧΑΝΙΚΩΝ ΤΕ (ΠΕΙΡΑΙΑΣ)","ΤΕΙ ΠΕΙΡΑΙΑ"
"ΜΗΧΑΝΟΛΟΓΩΝ ΜΗΧΑΝΙΚΩΝ ΤΕ (ΣΕΡΡΕΣ)","ΤΕΙ ΚΕΝΤΡ.ΜΑΚΕΔ"
"ΜΗΧΑΝΟΛΟΓΩΝ ΜΗΧΑΝΙΚΩΝ ΤΕ (ΧΑΛΚΙΔΑ)","ΤΕΙ ΣΤ.ΕΛΛΑΔΑΣ"
"ΜΗΧΑΝΟΛΟΓΩΝ ΟΧΗΜΑΤΩΝ ΤΕ (ΘΕΣΣΑΛΟΝΙΚΗ)","ΤΕΙ ΘΕΣ/ΝΙΚΗΣ"
"ΝΑΥΠΗΓΩΝ ΜΗΧΑΝΙΚΩΝ ΤΕ (ΑΘΗΝΑ)","ΤΕΙ ΑΘΗΝΑΣ"
"ΟΙΝΟΛΟΓΙΑΣ & ΤΕΧΝΟΛΟΓΙΑΣ ΠΟΤΩΝ (ΑΘΗΝΑ)","ΤΕΙ ΑΘΗΝΑΣ"
"ΟΙΝΟΛΟΓΙΑΣ & ΤΕΧΝΟΛΟΓΙΑΣ ΠΟΤΩΝ (ΔΡΑΜΑ)","ΤΕΙ ΑΝ.ΜΑΚ.ΘΡΑΚΗΣ"
"ΠΟΛΙΤΙΚΩΝ ΜΗΧΑΝΙΚΩΝ ΤΕ (ΘΕΣΣΑΛΟΝΙΚΗ)","ΤΕΙ ΘΕΣ/ΝΙΚΗΣ"
"ΠΟΛΙΤΙΚΩΝ ΜΗΧΑΝΙΚΩΝ ΤΕ (ΛΑΡΙΣΑ)","ΤΕΙ ΘΕΣΣΑΛΙΑΣ"
"ΠΟΛΙΤΙΚΩΝ ΜΗΧΑΝΙΚΩΝ ΤΕ (ΠΑΤΡΑ)","ΤΕΙ ΔΥΤ.ΕΛΛΑΔΑΣ"
"ΠΟΛΙΤΙΚΩΝ ΜΗΧΑΝΙΚΩΝ ΤΕ (ΠΕΙΡΑΙΑΣ)","ΤΕΙ ΠΕΙΡΑΙΑ"
"ΠΟΛΙΤΙΚΩΝ ΜΗΧΑΝΙΚΩΝ ΤΕ (ΤΡΙΚΑΛΑ)","ΤΕΙ ΘΕΣΣΑΛΙΑΣ"
"ΠΟΛΙΤΙΚΩΝ ΜΗΧΑΝΙΚΩΝ ΤΕ ΚΑΙ ΜΗΧΑΝΙΚΩΝ ΤΟΠΟΓΡΑΦΙΑΣ & ΓΕΩΠΛΗΡΟΦΟΡΙΚΗΣ ΤΕ (ΑΘΗΝΑ) - ΜΗΧΑΝΙΚΩΝ ΤΟΠΟΓΡΑΦΙΑΣ & ΓΕΩΠΛΗΡΟΦΟΡΙΚΗΣ ΤΕ","ΤΕΙ ΑΘΗΝΑΣ"
"ΠΟΛΙΤΙΚΩΝ ΜΗΧΑΝΙΚΩΝ ΤΕ ΚΑΙ ΜΗΧΑΝΙΚΩΝ ΤΟΠΟΓΡΑΦΙΑΣ & ΓΕΩΠΛΗΡΟΦΟΡΙΚΗΣ ΤΕ (ΑΘΗΝΑ) - ΠΟΛΙΤΙΚΩΝ ΜΗΧΑΝΙΚΩΝ ΤΕ","ΤΕΙ ΑΘΗΝΑΣ"
"ΠΟΛΙΤΙΚΩΝ ΜΗΧΑΝΙΚΩΝ ΤΕ ΚΑΙ ΜΗΧΑΝΙΚΩΝ ΤΟΠΟΓΡΑΦΙΑΣ & ΓΕΩΠΛΗΡΟΦΟΡΙΚΗΣ ΤΕ (ΣΕΡΡΕΣ) - ΜΗΧΑΝΙΚΩΝ ΤΟΠΟΓΡΑΦΙΑΣ & ΓΕΩΠΛΗΡΟΦΟΡΙΚΗΣ ΤΕ","ΤΕΙ ΚΕΝΤΡ.ΜΑΚΕΔ"
"ΠΟΛΙΤΙΚΩΝ ΜΗΧΑΝΙΚΩΝ ΤΕ ΚΑΙ ΜΗΧΑΝΙΚΩΝ ΤΟΠΟΓΡΑΦΙΑΣ & ΓΕΩΠΛΗΡΟΦΟΡΙΚΗΣ ΤΕ (ΣΕΡΡΕΣ) - ΠΟΛΙΤΙΚΩΝ ΜΗΧΑΝΙΚΩΝ ΤΕ","ΤΕΙ ΚΕΝΤΡ.ΜΑΚΕΔ"
"ΣΥΝΤΗΡΗΣΗΣ ΑΡΧΑΙΟΤΗΤΩΝ ΚΑΙ ΕΡΓΩΝ ΤΕΧΝΗΣ (ΑΘΗΝΑ)","ΤΕΙ ΑΘΗΝΑΣ"
"ΣΧΕΔΙΑΣΜΟΥ & ΤΕΧΝΟΛΟΓΙΑΣ ΕΝΔΥΣΗΣ (ΚΙΛΚΙΣ)","ΤΕΙ ΚΕΝΤΡ.ΜΑΚΕΔ"
"ΣΧΕΔΙΑΣΜΟΥ & ΤΕΧΝΟΛΟΓΙΑΣ ΞΥΛΟΥ ΚΑΙ ΕΠΙΠΛΟΥ ΤΕ (ΚΑΡΔΙΤΣΑ)","ΤΕΙ ΘΕΣΣΑΛΙΑΣ"
"ΤΕΧΝΟΛΟΓΙΑΣ ΑΛΙΕΙΑΣ - ΥΔΑΤΟΚΑΛΛΙΕΡΓΕΙΩΝ (ΜΕΣΟΛΟΓΓΙ)","ΤΕΙ ΔΥΤ.ΕΛΛΑΔΑΣ"
"ΤΕΧΝΟΛΟΓΙΑΣ ΗΧΟΥ & ΜΟΥΣΙΚΩΝ ΟΡΓΑΝΩΝ (ΛΗΞΟΥΡΙ)","ΤΕΙ ΙΟΝΙΩΝ"
"ΤΕΧΝΟΛΟΓΙΑΣ ΤΡΟΦΙΜΩΝ (ΑΘΗΝΑ)","ΤΕΙ ΑΘΗΝΑΣ"
"ΤΕΧΝΟΛΟΓΙΑΣ ΤΡΟΦΙΜΩΝ (ΑΡΓΟΣΤΟΛΙ)","ΤΕΙ ΙΟΝΙΩΝ"
"ΤΕΧΝΟΛΟΓΙΑΣ ΤΡΟΦΙΜΩΝ (ΘΕΣΣΑΛΟΝΙΚΗ)","ΤΕΙ ΘΕΣ/ΝΙΚΗΣ"
"ΤΕΧΝΟΛΟΓΙΑΣ ΤΡΟΦΙΜΩΝ (ΚΑΛΑΜΑΤΑ)","ΤΕΙ ΠΕΛ/ΝΗΣΟΥ"
"ΤΕΧΝΟΛΟΓΙΑΣ ΤΡΟΦΙΜΩΝ (ΚΑΡΔΙΤΣΑ)","ΤΕΙ ΘΕΣΣΑΛΙΑΣ"
"ΤΕΧΝΟΛΟΓΩΝ ΓΕΩΠΟΝΩΝ (ΑΜΑΛΙΑΔΑ)","ΤΕΙ ΔΥΤ.ΕΛΛΑΔΑΣ"
"ΤΕΧΝΟΛΟΓΩΝ ΓΕΩΠΟΝΩΝ (ΑΡΤΑ)","ΤΕΙ ΗΠΕΙΡΟΥ"
"ΤΕΧΝΟΛΟΓΩΝ ΓΕΩΠΟΝΩΝ (ΗΡΑΚΛΕΙΟ)","ΤΕΙ ΚΡΗΤΗΣ"
"ΤΕΧΝΟΛΟΓΩΝ ΓΕΩΠΟΝΩΝ (ΘΕΣΣΑΛΟΝΙΚΗ)","ΤΕΙ ΘΕΣ/ΝΙΚΗΣ"
"ΤΕΧΝΟΛΟΓΩΝ ΓΕΩΠΟΝΩΝ (ΚΑΛΑΜΑΤΑ)","ΤΕΙ ΠΕΛ/ΝΗΣΟΥ"
"ΤΕΧΝΟΛΟΓΩΝ ΓΕΩΠΟΝΩΝ (ΛΑΡΙΣΑ)","ΤΕΙ ΘΕΣΣΑΛΙΑΣ"
"ΤΕΧΝΟΛΟΓΩΝ ΓΕΩΠΟΝΩΝ (ΦΛΩΡΙΝΑ)","ΤΕΙ ΔΥΤ. ΜΑΚ."
"ΤΕΧΝΟΛΟΓΩΝ ΠΕΡΙΒΑΛΛΟΝΤΟΣ ΤΕ (ΖΑΚΥΝΘΟΣ) - ΣΥΝΤΗΡΗΣΗΣ ΠΟΛΙΤΙΣΜΙΚΗΣ ΚΛΗΡΟΝΟΜΙΑΣ ΤΕ","ΤΕΙ ΙΟΝΙΩΝ"
"ΤΕΧΝΟΛΟΓΩΝ ΠΕΡΙΒΑΛΛΟΝΤΟΣ ΤΕ (ΖΑΚΥΝΘΟΣ) - ΤΕΧΝΟΛΟΓΙΩΝ ΦΥΣΙΚΟΥ ΠΕΡΙΒΑΛΛΟΝΤΟΣ ΤΕ","ΤΕΙ ΙΟΝΙΩΝ"
"ΦΩΤΟΓΡΑΦΙΑΣ & ΟΠΤΙΚΟΑΚΟΥΣΤΙΚΩΝ (ΑΘΗΝΑ)","ΤΕΙ ΑΘΗΝΑΣ"
,
"ΑΣΠΑΙΤΕ","    "
"ΕΚΠΑΙΔΕΥΤΙΚΩΝ ΗΛΕΚΤΡΟΛΟΓΩΝ ΜΗΧΑΝΙΚΩΝ & ΕΚΠΑΙΔΕΥΤΙΚΩΝ ΗΛΕΚΤΡΟΝΙΚΩΝ ΜΗΧΑΝΙΚΩΝ-ΕΚΠΑΙΔΕΥΤΙΚΩΝ ΗΛΕΚΤΡΟΛΟΓΩΝ ΜΗΧΑΝΙΚΩΝ","ΑΣΠΑΙΤΕ"
"ΕΚΠΑΙΔΕΥΤΙΚΩΝ ΗΛΕΚΤΡΟΛΟΓΩΝ ΜΗΧΑΝΙΚΩΝ & ΕΚΠΑΙΔΕΥΤΙΚΩΝ ΗΛΕΚΤΡΟΝΙΚΩΝ ΜΗΧΑΝΙΚΩΝ-ΕΚΠΑΙΔΕΥΤΙΚΩΝ ΗΛΕΚΤΡΟΝΙΚΩΝ ΜΗΧΑΝΙΚΩΝ","ΑΣΠΑΙΤΕ"
"ΕΚΠΑΙΔΕΥΤΙΚΩΝ ΜΗΧΑΝΟΛΟΓΩΝ ΜΗΧΑΝΙΚΩΝ","ΑΣΠΑΙΤΕ"
"ΕΚΠΑΙΔΕΥΤΙΚΩΝ ΠΟΛΙΤΙΚΩΝ ΜΗΧΑΝΙΚΩΝ","ΑΣΠΑΙΤΕ"
